loss,mape,val_loss,val_mape
0.015892349183559418,1344606.125,0.014239371754229069,1056544.5
0.014729191549122334,1216634.625,0.014234641566872597,983392.6875
0.014509755186736584,1197953.0,0.01371673308312893,1010052.0625
0.012823003344237804,1078493.875,0.009862459264695644,683076.75
0.010164235718548298,695522.9375,0.013649161905050278,804411.5625
