loss,mape,val_loss,val_mape
0.01597914844751358,1351640.625,0.015168225392699242,973210.0
0.014636185020208359,1221107.25,0.01561504416167736,1426811.875
0.01363625843077898,1133876.125,0.015503947623074055,1342343.875
0.01023738831281662,751599.0625,0.0088381078094244,596854.1875
0.009565900079905987,605032.5625,0.008719446137547493,459259.71875
