loss,mape,val_loss,val_mape
0.017348669469356537,1457102.25,0.014624877832829952,1297739.375
0.014753071591258049,1238569.0,0.014571404084563255,1133833.75
0.014579935930669308,1220387.875,0.014215044677257538,1186965.875
0.013689341954886913,1146784.75,0.011758837848901749,994259.5
0.009600856341421604,676703.5,0.012183778919279575,703232.75
