loss,mape,val_loss,val_mape
0.025532258674502373,2212038.5,0.02396322786808014,1996641.25
0.023678453639149666,1992924.375,0.023767439648509026,2006090.125
0.02337321825325489,1957627.5,0.023349137976765633,2094953.75
0.02189352922141552,1806430.625,0.019907068461179733,1654002.875
0.01941215805709362,1367540.25,0.019720524549484253,1200979.5
