loss,mape,val_loss,val_mape,lr
0.018176520243287086,340900.8125,0.0018264080863445997,188004.125,0.01
